,Taxon,temperature,temperature.specificity,
[Fam:FREDERICELLIDAE],Fredericella sultana,17.39,1.761,
PLUMATELLIDAE,,,,
[Fam:PLUMATELLIDAE],Plumatella emarginata,17.91,2.607,
[Fam:PLUMATELLIDAE],Plumatella repens,17.97,2.827,
Chironomidae,,,,
CHIRONOMIDAE,,,,
DIAMESINAE-Tribus Diamesini,Diamesa insignipes,13.44,4.633,
PRODIAMESINAE,Odontomesa fulva,15.13,2.277,
ORTHOCLADIINAE,Brillia bifida,15.39,1.433,
ORTHOCLADIINAE,Paratrissocladius excerptus,15.44,3.509,
TANYPODINAE-Tribus Macropelopiini,Macropelopia nebulosa,15.59,1.338,
CHIRONOMINAE-Tribus Chironomini,Polypedilum convictum,15.71,1.825,
ORTHOCLADIINAE,Heterotrissocladius marcidus,15.78,2.952,
CHIRONOMINAE-Tribus Chironomini,Chironomus riparius,15.92,1.652,
TANYPODINAE-Tribus Macropelopiini,Apsectrotanypus trifascipennis,16.06,0.632,
DIAMESINAE-Tribus Diamesini,Potthastia longimana,16.2,1.589,
TANYPODINAE-Tribus Macropelopiini,Macropelopia adaucta,16.2,1.664,
ORTHOCLADIINAE,Rheocricotopus fuscipes,16.31,0.603,
ORTHOCLADIINAE,Paracladius conversus,16.49,1.681,
PRODIAMESINAE,Prodiamesa olivacea,16.54,0.188,
TANYPODINAE-Tribus Macropelopiini,Psectrotanypus varius,16.54,1.154,
ORTHOCLADIINAE,Brillia flavifrons,16.63,1.893,
ORTHOCLADIINAE,Parametriocnemus stylatus,16.65,1.54,
TANYPODINAE-Tribus Pentaneurini,Conchapelopia melanops,16.74,1.714,
CHIRONOMINAE-Tribus Chironomini,Paratendipes albimanus,16.91,0.908,
ORTHOCLADIINAE,Synorthocladius semivirens,17.02,4.887,
CHIRONOMINAE-Tribus Chironomini,Demicryptochironomus vulneratus,17.03,4.276,
ORTHOCLADIINAE,Acricotopus lucens,17.07,1.21,
CHIRONOMINAE-Tribus Tanytarsini,Cladotanytarsus vanderwulpi,17.18,3.453,
CHIRONOMINAE-Tribus Chironomini,Polypedilum pedestre,17.33,2.34,
CHIRONOMINAE-Tribus Chironomini,Polypedilum scalaenum,17.4,1.819,
ORTHOCLADIINAE,Epoicocladius ephemerae,17.5,1.48,
CHIRONOMINAE-Tribus Tanytarsini,Tanytarsus ejuncidus,17.73,2.084,
TANYPODINAE-Tribus Coelotanypodini,Clinotanypus nervosus,17.88,1.642,
CHIRONOMINAE-Tribus Chironomini,Polypedilum cultellatum,17.99,2.617,
ORTHOCLADIINAE,Cricotopus bicinctus,18.05,1.671,
CHIRONOMINAE-Tribus Chironomini,Chironomus commutatus,18.15,4.644,
DIAMESINAE-Tribus Diamesini,Potthastia gaedii,18.28,3.825,
CHIRONOMINAE-Tribus Chironomini,Chironomus obtusidens,18.31,1.037,
CHIRONOMINAE-Tribus Tanytarsini,Tanytarsus eminulus,18.41,2.729,
TANYPODINAE-Tribus Tanypodini,Tanypus kraatzi,18.45,1.876,
TANYPODINAE-Tribus Procladiini,Procladius choreus,18.48,2.501,
TANYPODINAE-Tribus Pentaneurini,Ablabesmyia monilis,18.54,3.15,
CHIRONOMINAE-Tribus Chironomini,Parachironomus gracilior,18.59,3.714,
CHIRONOMINAE-Tribus Chironomini,Chironomus plumosus,18.63,2.658,
CHIRONOMINAE-Tribus Tanytarsini,Tanytarsus signatus,18.68,1.897,
CHIRONOMINAE-Tribus Chironomini,Polypedilum nubeculosum,18.79,2.704,
CHIRONOMINAE-Tribus Tanytarsini,Tanytarsus pallidicornis,18.79,5.468,
CHIRONOMINAE-Tribus Chironomini,Polypedilum sordens,18.85,3.894,
CHIRONOMINAE-Tribus Chironomini,Polypedilum bicrenatum,18.98,1.84,
CHIRONOMINAE-Tribus Chironomini,Endochironomus albipennis,19.01,6.091,
TANYPODINAE-Tribus Pentaneurini,Ablabesmyia longistyla,19.01,1.712,
CHIRONOMINAE-Tribus Chironomini,Endochironomus tendens,19.2,2.859,
CHIRONOMINAE-Tribus Chironomini,Dicrotendipes nervosus,19.21,3.454,
CHIRONOMINAE-Tribus Chironomini,Glyptotendipes paripes,19.49,2.646,
CHIRONOMINAE-Tribus Chironomini,Glyptotendipes pallens,19.6,3.238,
CHIRONOMINAE-Tribus Chironomini,Xenochironomus xenolabis,20.29,5.012,
CHIRONOMINAE-Tribus Chironomini,Microtendipes chloris,20.71,7.899,
Diptera (excl. Chironomidae),,,,
ATHERICIDAE,,,,
[Fam:ATHERICIDAE],Ibisia marginata,13.89,3.749,
[Fam:ATHERICIDAE],Atherix ibis,15.5,0.488,
[Fam:ATHERICIDAE],Atrichops crassipes,17.19,1.305,
SIMULIIDAE,,,,
SIMULIINAE,Simulium monticola,13.81,4.497,
SIMULIINAE,Simulium argyreatum,13.86,3.631,
SIMULIINAE,Prosimulium rufipes,13.94,3.184,
SIMULIINAE,Simulium tuberosum,14.15,4.691,
SIMULIINAE,Prosimulium hirtipes,14.53,1.502,
SIMULIINAE,Simulium vernum,14.63,1.491,
SIMULIINAE,Simulium angustitarse,14.65,3.631,
SIMULIINAE,Simulium costatum,14.67,3.539,
SIMULIINAE,Simulium cryophilum,14.74,1.895,
SIMULIINAE,Simulium variegatum,14.76,1.41,
SIMULIINAE,Prosimulium tomosvaryi,15.36,1.464,
SIMULIINAE,Simulium angustipes,15.5,1.636,
SIMULIINAE,Simulium trifasciatum,15.62,0.964,
SIMULIINAE,Simulium ornatum,15.66,0.721,
SIMULIINAE,Simulium lundstromi,15.71,1.484,
SIMULIINAE,Simulium posticatum,15.83,1.105,
SIMULIINAE,Simulium reptans,16.11,0.711,
SIMULIINAE,Simulium noelleri,16.33,2.808,
SIMULIINAE,Simulium vulgare,16.63,1.384,
SIMULIINAE,Simulium morsitans,17.16,2.234,
SIMULIINAE,Simulium equinum,17.48,0.854,
SIMULIINAE,Simulium lineatum,17.81,2.182,
SIMULIINAE,Simulium erythrocephalum,18.05,1.348,
TIPULIDAE,,,,
TIPULINAE,Tipula maxima,15.51,0.731,
TIPULINAE,Tipula lateralis,15.59,1.679,
Ephemeroptera,,,,
BAETIDAE,,,,
BAETINAE,Baetis alpinus,13.2,5.817,
BAETINAE,Baetis melanonyx,13.92,3.704,
BAETINAE,Baetis muticus,14.67,1.405,
BAETINAE,Baetis lutheri,15.17,0.589,
BAETINAE,Baetis niger,15.21,0.919,
BAETINAE,Baetis rhodani,15.36,0.601,
BAETINAE,Baetis scambus,15.4,0.658,
BAETINAE,Baetis liebenauae,16.14,1.304,
BAETINAE,Baetis nexus,16.48,1.193,
BAETINAE,Baetis vernus,16.51,0.221,
BAETINAE,Baetis tricolor,16.8,2.651,
CLOEONINAE,Centroptilum luteolum,16.93,0.567,
BAETINAE,Baetis tracheatus,17.11,4.697,
BAETINAE,Baetis fuscatus,17.3,0.703,
CLOEONINAE,Cloeon simile,17.43,2.473,
BAETINAE,Baetis vardarensis,17.55,0.969,
CLOEONINAE,Cloeon dipterum,17.92,1.126,
BAETINAE,Baetis buceratus,18.11,1.909,
CLOEONINAE,Procloeon bifidum,18.21,1.456,
CAENIDAE,,,,
CAENINAE,Caenis rivulorum,15.32,0.646,
CAENINAE,Caenis beskidensis,15.69,0.819,
BRACHYCERINAE,Brachycercus harrisella,17.3,0.931,
CAENINAE,Caenis robusta,18.28,3.033,
CAENINAE,Caenis horaria,18.54,1.69,
CAENINAE,Caenis macrura,18.54,2.642,
CAENINAE,Caenis pseudorivulorum,18.68,3.59,
CAENINAE,Caenis luctuosa,18.86,1.986,
CAENINAE,Caenis pusilla,20.04,10,
EPHEMERELLIDAE,,,,
EPHEMERELLINAE,Ephemerella mucronata,13.98,3.365,
EPHEMERELLINAE,Torleya major,15.06,0.782,
EPHEMERELLINAE,Serratella ignita,15.97,0.361,
EPHEMERELLINAE,Ephemerella notata,16.65,1.546,
EPHEMERIDAE,,,,
[Fam:EPHEMERIDAE],Ephemera danica,15.57,0.445,
[Fam:EPHEMERIDAE],Ephemera vulgata,17.99,1.34,
HEPTAGENIIDAE,,,,
HEPTAGENIINAE,Rhithrogena hercynia,13.68,4.024,
HEPTAGENIINAE,Rhithrogena puytoraci,13.77,2.691,
HEPTAGENIINAE,Rhithrogena semicolorata,14.04,2.036,
HEPTAGENIINAE,Epeorus assimilis,14.09,2.423,
HEPTAGENIINAE,Rhithrogena picteti,14.19,2.229,
HEPTAGENIINAE,Electrogena ujhelyii,14.85,1.071,
HEPTAGENIINAE,Ecdyonurus venosus,14.86,1.664,
HEPTAGENIINAE,Ecdyonurus torrentis,14.87,1.143,
HEPTAGENIINAE,Ecdyonurus submontanus,14.9,1.949,
HEPTAGENIINAE,Ecdyonurus dispar,15.82,0.732,
HEPTAGENIINAE,Rhithrogena beskidensis,16.42,2.984,
HEPTAGENIINAE,Electrogena affinis,16.86,1.73,
HEPTAGENIINAE,Ecdyonurus insignis,16.96,1.872,
HEPTAGENIINAE,Heptagenia sulphurea,17.46,1.105,
HEPTAGENIINAE,Kageronia fuscogrisea,17.8,2.465,
HEPTAGENIINAE,Heptagenia flava,19.09,2.111,
HEPTAGENIINAE,Heptagenia coerulans,20.32,3.588,
LEPTOPHLEBIIDAE,,,,
[Fam:LEPTOPHLEBIIDAE],Habroleptoides confusa,14.67,1.318,
[Fam:LEPTOPHLEBIIDAE],Habrophlebia lauta,14.7,1.119,
[Fam:LEPTOPHLEBIIDAE],Paraleptophlebia submarginata,15.08,0.795,
[Fam:LEPTOPHLEBIIDAE],Leptophlebia marginata,15.54,1.386,
[Fam:LEPTOPHLEBIIDAE],Habrophlebia fusca,16.35,0.426,
[Fam:LEPTOPHLEBIIDAE],Paraleptophlebia cincta,16.65,4.944,
[Fam:LEPTOPHLEBIIDAE],Leptophlebia vespertina,17.23,1.261,
OLIGONEURIIDAE,,,,
OLIGONEURIINAE,Oligoneuriella rhenana,16.48,1.069,
POLYMITARCYIDAE,,,,
POLYMITARCYINAE,Ephoron virgo,19.48,3.565,
POTAMANTHIDAE,,,,
[Fam:POTAMANTHIDAE],Potamanthus luteus,18.27,2.059,
SIPHLONURIDAE,,,,
SIPHLONURINAE,Siphlonurus aestivalis,14.7,2.562,
Heteroptera,,,,
APHELOCHEIRIDAE,,,,
[Fam:APHELOCHEIRIDAE],Aphelocheirus aestivalis,17.84,1.351,
CORIXIDAE,,,,
CORIXINAE,Hesperocorixa sahlbergi,16.12,1.559,
CORIXINAE,Sigara fossarum,16.49,2.613,
CORIXINAE,Sigara falleni,16.59,1.143,
MICRONECTINAE,Micronecta poweri poweri,16.63,2.204,
CORIXINAE,Sigara striata,17.39,1.079,
MICRONECTINAE,Micronecta griseola,17.4,6.069,
MICRONECTINAE,Micronecta minutissima,19.61,3.308,
GERRIDAE,,,,
GERRINAE,Aquarius najas,16.54,1.099,
GERRINAE,Gerris lacustris,16.65,0.678,
GERRINAE,Aquarius paludum paludum,19.15,3.672,
HYDROMETRIDAE,,,,
[Fam:HYDROMETRIDAE],Hydrometra stagnorum,16.3,0.802,
NAUCORIDAE,,,,
NAUCORINAE,Ilyocoris cimicoides cimicoides,18.17,1.437,
NEPIDAE,,,,
NEPINAE,Nepa cinerea,16.48,0.646,
RANATRINAE,Ranatra linearis,17.11,1.62,
NOTONECTIDAE,,,,
NOTONECTINAE,Notonecta glauca glauca,16.26,0.413,
PLEIDAE,,,,
[Fam:PLEIDAE],Plea minutissima minutissima,17.4,1.391,
VELIIDAE,,,,
VELIINAE,Velia caprai caprai,14.55,1.648,
VELIINAE,Velia saulii,15.83,2.017,
Hymenoptera,,,,
ICHNEUMONIDAE,,,,
AGRIOTYPINAE,Agriotypus armatus,15.21,1.173,
Lepidoptera,,,,
CRAMBIDAE,,,,
ACENTROPINAE,Cataclysta lemnata,17.95,2.636,
Megaloptera,,,,
SIALIDAE,,,,
[Fam:SIALIDAE],Sialis fuliginosa,14.99,1.196,
[Fam:SIALIDAE],Sialis nigripes,16.27,2.072,
[Fam:SIALIDAE],Sialis lutaria,16.66,0.452,
Nematomorpha,,,,
GORDIIDAE,,,,
[Fam:GORDIIDAE],Gordius aquaticus,15.01,1.791,
Odonata,,,,
AESHNIDAE,,,,
[Fam:AESHNIDAE],Aeshna mixta,15.95,1.012,
[Fam:AESHNIDAE],Aeshna isoceles,15.99,0.951,
[Fam:AESHNIDAE],Aeshna affinis,16.26,0.781,
[Fam:AESHNIDAE],Aeshna cyanea,16.45,0.799,
[Fam:AESHNIDAE],Aeshna grandis,16.47,0.794,
[Fam:AESHNIDAE],Anax imperator,16.49,1.221,
[Fam:AESHNIDAE],Brachytron pratense,16.58,1.516,
CALOPTERYGIDAE,,,,
[Fam:CALOPTERYGIDAE],Calopteryx virgo,16,0.704,
[Fam:CALOPTERYGIDAE],Calopteryx splendens,17.61,0.826,
COENAGRIONIDAE,,,,
[Fam:COENAGRIONIDAE],Pyrrhosoma nymphula,17.1,0.591,
[Fam:COENAGRIONIDAE],Erythromma najas,18.24,2.625,
[Fam:COENAGRIONIDAE],Ischnura elegans,18.37,2.856,
CORDULEGASTRIDAE,,,,
[Fam:CORDULEGASTRIDAE],Cordulegaster boltonii,15.33,1.431,
CORDULIIDAE,,,,
[Fam:CORDULIIDAE],Somatochlora metallica,17.55,1.149,
GOMPHIDAE,,,,
[Fam:GOMPHIDAE],Ophiogomphus cecilia,17.4,2.101,
[Fam:GOMPHIDAE],Gomphus vulgatissimus,18.26,1.619,
[Fam:GOMPHIDAE],Onychogomphus forcipatus,18.57,2.172,
LESTIDAE,,,,
[Fam:LESTIDAE],Chalcolestes viridis,17.12,2.184,
LIBELLULIDAE,,,,
[Fam:LIBELLULIDAE],Orthetrum cancellatum,17.92,2.499,
[Fam:LIBELLULIDAE],Libellula fulva,19.06,2.572,
PLATYCNEMIDIDAE,,,,
[Fam:PLATYCNEMIDIDAE],Platycnemis pennipes,18.33,1.712,
Planipennia,,,,
SISYRIDAE,,,,
[Fam:SISYRIDAE],Sisyra nigra,18.28,2.298,
Plecoptera,,,,
CHLOROPERLIDAE,,,,
[Fam:CHLOROPERLIDAE],Siphonoperla torrentium torrentium,13.68,4.591,
LEUCTRIDAE,,,,
[Fam:LEUCTRIDAE],Leuctra nigra,13.51,4.909,
[Fam:LEUCTRIDAE],Leuctra hippopus,13.8,2.248,
[Fam:LEUCTRIDAE],Leuctra braueri,13.84,4.484,
[Fam:LEUCTRIDAE],Leuctra prima,13.91,2.908,
[Fam:LEUCTRIDAE],Leuctra fusca fusca,15.26,2.413,
[Fam:LEUCTRIDAE],Leuctra geniculata,15.97,0.81,
NEMOURIDAE,,,,
[Fam:NEMOURIDAE],Nemoura marginata,12.93,5.539,
[Fam:NEMOURIDAE],Nemurella pictetii,13.83,3.726,
[Fam:NEMOURIDAE],Nemoura avicularis,14.53,3.229,
[Fam:NEMOURIDAE],Protonemura intricata intricata,14.65,2.509,
[Fam:NEMOURIDAE],Nemoura flexuosa,14.76,1.489,
[Fam:NEMOURIDAE],Nemoura cinerea cinerea,15.52,0.934,
[Fam:NEMOURIDAE],Amphinemura standfussi,15.72,0.986,
[Fam:NEMOURIDAE],Amphinemura sulcicollis,15.84,0.961,
PERLIDAE,,,,
[Fam:PERLIDAE],Dinocras cephalotes,13.83,3.481,
[Fam:PERLIDAE],Perla marginata,14.28,2.212,
[Fam:PERLIDAE],Perla abdominalis,14.44,3.088,
PERLODIDAE,,,,
[Fam:PERLODIDAE],Diura bicaudata,13.29,6.254,
[Fam:PERLODIDAE],Isoperla grammatica,13.95,2.953,
[Fam:PERLODIDAE],Perlodes microcephalus,14.04,3.382,
[Fam:PERLODIDAE],Perlodes dispar,15.51,2.593,
TAENIOPTERYGIDAE,,,,
[Fam:TAENIOPTERYGIDAE],Brachyptera seticornis,13.66,3.775,
[Fam:TAENIOPTERYGIDAE],Brachyptera risi,14.4,1.886,
[Fam:TAENIOPTERYGIDAE],Taeniopteryx nebulosa,15.85,1.235,
[Fam:TAENIOPTERYGIDAE],Brachyptera braueri,16.98,3.637,
Trichoptera,,,,
BERAEIDAE,,,,
[Fam:BERAEIDAE],Beraeodes minutus,15.27,0.9,
BRACHYCENTRIDAE,,,,
[Fam:BRACHYCENTRIDAE],Micrasema minimum,13.36,4.786,
[Fam:BRACHYCENTRIDAE],Micrasema longulum,14.23,2.961,
[Fam:BRACHYCENTRIDAE],Brachycentrus maculatus,14.59,2.079,
[Fam:BRACHYCENTRIDAE],Brachycentrus montanus,15.07,2.581,
[Fam:BRACHYCENTRIDAE],Brachycentrus subnubilus,17.15,1.038,
ECNOMIDAE,,,,
[Fam:ECNOMIDAE],Ecnomus tenellus,20.92,5.26,
GLOSSOSOMATIDAE,,,,
GLOSSOSOMATINAE,Glossosoma conformis,13.97,3.887,
AGAPETINAE,Agapetus fuscipes,14.55,2.091,
AGAPETINAE,Agapetus ochripes,15.76,0.612,
GLOSSOSOMATINAE,Glossosoma boltoni,15.87,2.346,
GOERIDAE,,,,
GOERINAE,Lithax niger,14.61,1.967,
GOERINAE,Silo pallipes,14.69,1.126,
GOERINAE,Silo nigricornis,14.95,1.042,
GOERINAE,Silo piceus,15.32,0.887,
GOERINAE,Lithax obscurus,15.63,1.049,
GOERINAE,Goera pilosa,16.4,0.365,
HYDROPSYCHIDAE,,,,
HYDROPSYCHINAE,Hydropsyche dinarica,14.01,3.228,
HYDROPSYCHINAE,Hydropsyche instabilis,14.39,1.433,
HYDROPSYCHINAE,Hydropsyche fulvipes,14.44,3.52,
HYDROPSYCHINAE,Hydropsyche saxonica,15.09,0.924,
HYDROPSYCHINAE,Hydropsyche siltalai,15.59,0.486,
HYDROPSYCHINAE,Hydropsyche bulbifera,16.02,2.129,
HYDROPSYCHINAE,Hydropsyche pellucidula,16.48,0.518,
HYDROPSYCHINAE,Hydropsyche incognita,17.2,0.926,
HYDROPSYCHINAE,Hydropsyche angustipennis angustipennis,17.41,0.599,
HYDROPSYCHINAE,Cheumatopsyche lepida,17.63,1.178,
HYDROPSYCHINAE,Hydropsyche contubernalis contubernalis,19.26,2.748,
HYDROPSYCHINAE,Hydropsyche bulgaromanorum,19.96,5.761,
HYDROPSYCHINAE,Hydropsyche exocellata,20.07,3.893,
HYDROPTILIDAE,,,,
HYDROPTILINAE,Allotrichia pallicornis,15.34,2.303,
HYDROPTILINAE,Hydroptila forcipata,15.93,2.765,
HYDROPTILINAE,Agraylea sexmaculata,16.19,0.94,
HYDROPTILINAE,Ithytrichia lamellaris,17.46,1.155,
HYDROPTILINAE,Hydroptila sparsa,18.59,3.346,
LEPIDOSTOMATIDAE,,,,
LEPIDOSTOMATINAE,Lepidostoma basale,15.09,0.781,
LEPIDOSTOMATINAE,Lepidostoma hirtum,15.86,0.452,
LEPIDOSTOMATINAE,Crunoecia irrorata irrorata,16.11,3.281,
LEPTOCERIDAE,,,,
LEPTOCERINAE,Adicella reducta,14.71,1.681,
LEPTOCERINAE,Athripsodes bilineatus bilineatus,15.81,0.577,
LEPTOCERINAE,Oecetis testacea,16.25,0.519,
LEPTOCERINAE,Ceraclea annulicornis,16.39,1.808,
LEPTOCERINAE,Athripsodes albifrons,16.45,0.767,
LEPTOCERINAE,Ylodes simulans,17.07,3.5,
LEPTOCERINAE,Athripsodes aterrimus,17.15,1.073,
LEPTOCERINAE,Mystacides azurea,17.51,0.506,
LEPTOCERINAE,Ceraclea albimacula,17.65,2.329,
LEPTOCERINAE,Athripsodes cinereus,17.66,0.716,
LEPTOCERINAE,Mystacides nigra,17.81,1.029,
LEPTOCERINAE,Triaenodes bicolor,17.95,1.781,
LEPTOCERINAE,Ceraclea dissimilis,17.99,1.233,
LEPTOCERINAE,Oecetis ochracea,18.09,1.179,
LEPTOCERINAE,Oecetis notata,18.16,2.067,
LEPTOCERINAE,Leptocerus tineiformis,18.35,3.493,
LEPTOCERINAE,Ceraclea senilis,18.58,4.548,
LEPTOCERINAE,Mystacides longicornis,18.67,2.268,
LEPTOCERINAE,Leptocerus interruptus,18.8,3.913,
LEPTOCERINAE,Ceraclea nigronervosa,18.91,1.603,
LEPTOCERINAE,Oecetis lacustris,19.07,4.432,
LIMNEPHILIDAE,,,,
LIMNEPHILINAE,Chaetopterygopsis maclachlani,12.76,7.505,
DRUSINAE,Ecclisopteryx guttulata,12.77,7.194,
DRUSINAE,Drusus discolor,13.11,8.623,
LIMNEPHILINAE,Micropterna sequax,13.57,3.084,
DRUSINAE,Ecclisopteryx dalecarlica,13.72,3.34,
LIMNEPHILINAE,Allogamus auricollis,14.13,2.281,
LIMNEPHILINAE,Potamophylax nigricornis,14.15,2.245,
DRUSINAE,Anomalopterygella chauviniana,14.19,2.013,
DRUSINAE,Ecclisopteryx madida,14.19,1.734,
LIMNEPHILINAE,Micropterna nycterobia,14.36,2.41,
LIMNEPHILINAE,Pseudopsilopteryx zimmeri,14.4,2.434,
LIMNEPHILINAE,Melampophylax mucoreus,14.58,1.55,
DRUSINAE,Drusus annulatus,14.69,1.668,
LIMNEPHILINAE,Potamophylax luctuosus luctuosus,14.74,1.272,
LIMNEPHILINAE,Stenophylax permistus,14.89,2.76,
LIMNEPHILINAE,Annitella obscurata,14.96,0.944,
LIMNEPHILINAE,Micropterna lateralis,15,3.693,
LIMNEPHILINAE,Potamophylax latipennis,15,1.24,
LIMNEPHILINAE,Chaetopteryx villosa villosa,15.02,0.853,
LIMNEPHILINAE,Halesus digitatus digitatus,15.47,1.057,
LIMNEPHILINAE,Halesus radiatus,15.62,0.84,
LIMNEPHILINAE,Limnephilus extricatus,15.69,1.102,
LIMNEPHILINAE,Glyphotaelius pellucidus,15.81,0.654,
LIMNEPHILINAE,Limnephilus bipunctatus,15.9,1.047,
LIMNEPHILINAE,Halesus tessellatus,16.15,0.833,
LIMNEPHILINAE,Limnephilus rhombicus rhombicus,16.21,0.493,
LIMNEPHILINAE,Limnephilus stigma,16.22,1.667,
DICOSMOECINAE,Ironoquia dubia,16.28,0.818,
LIMNEPHILINAE,Limnephilus lunatus,16.48,0.405,
LIMNEPHILINAE,Anabolia nervosa,16.6,0.38,
LIMNEPHILINAE,Potamophylax rotundipennis,16.66,0.749,
LIMNEPHILINAE,Limnephilus flavicornis,17.12,0.489,
LIMNEPHILINAE,Limnephilus marmoratus,17.19,1.44,
LIMNEPHILINAE,Anabolia furcata,17.28,1.419,
LIMNEPHILINAE,Limnephilus decipiens,17.51,1.333,
MOLANNIDAE,,,,
[Fam:MOLANNIDAE],Molanna angustata,17.72,1.211,
ODONTOCERIDAE,,,,
ODONTOCERINAE,Odontocerum albicorne,14.24,2.271,
PHILOPOTAMIDAE,,,,
PHILOPOTAMINAE,Philopotamus ludificatus,13.17,6.418,
PHILOPOTAMINAE,Philopotamus montanus montanus,14.15,1.851,
PHRYGANEIDAE,,,,
PHRYGANEINAE,Oligostomis reticulata,15.15,2.378,
PHRYGANEINAE,Agrypnia varia,16.3,1.02,
PHRYGANEINAE,Agrypnia pagetana,16.39,0.998,
PHRYGANEINAE,Phryganea grandis grandis,17.28,1.805,
PHRYGANEINAE,Phryganea bipunctata,17.76,1.599,
POLYCENTROPODIDAE,,,,
POLYCENTROPODINAE,Plectrocnemia geniculata geniculata,13.5,4.192,
POLYCENTROPODINAE,Plectrocnemia conspersa conspersa,14.59,1.729,
POLYCENTROPODINAE,Polycentropus flavomaculatus flavomaculatus,16.03,0.338,
POLYCENTROPODINAE,Polycentropus irroratus,16.24,0.782,
POLYCENTROPODINAE,Holocentropus dubius,16.75,2.823,
POLYCENTROPODINAE,Cyrnus flavidus,18.35,1.966,
POLYCENTROPODINAE,Cyrnus trimaculatus,18.57,1.357,
POLYCENTROPODINAE,Holocentropus picicornis,18.78,3.324,
POLYCENTROPODINAE,Neureclipsis bimaculata,19.06,2.025,
PSYCHOMYIIDAE,,,,
PSYCHOMYIINAE,Tinodes rostocki,14.29,5.021,
PSYCHOMYIINAE,Tinodes assimilis,15.5,1.18,
PSYCHOMYIINAE,Tinodes pallidulus,15.89,1.288,
PSYCHOMYIINAE,Lype reducta,15.94,0.836,
PSYCHOMYIINAE,Lype phaeopa,17.03,0.749,
PSYCHOMYIINAE,Tinodes unicolor,17.23,1.808,
PSYCHOMYIINAE,Psychomyia pusilla,17.66,1.441,
PSYCHOMYIINAE,Tinodes waeneri waeneri,18.13,1.772,
RHYACOPHILIDAE,,,,
[Fam:RHYACOPHILIDAE],Rhyacophila praemorsa,12.98,5.463,
[Fam:RHYACOPHILIDAE],Rhyacophila tristis,13.29,5.52,
[Fam:RHYACOPHILIDAE],Rhyacophila obliterata,13.32,4.087,
[Fam:RHYACOPHILIDAE],Rhyacophila fasciata fasciata,14.8,1.195,
[Fam:RHYACOPHILIDAE],Rhyacophila nubila,14.89,0.881,
[Fam:RHYACOPHILIDAE],Rhyacophila evoluta,16.1,1.541,
SERICOSTOMATIDAE,,,,
[Fam:SERICOSTOMATIDAE],Oecismus monedula monedula,14,2.853,
[Fam:SERICOSTOMATIDAE],Sericostoma personatum,14.36,1.624,
[Fam:SERICOSTOMATIDAE],Sericostoma flavicorne,14.62,1.261,
[Fam:SERICOSTOMATIDAE],Notidobia ciliaris,15.65,1.524,
